{
  "ABIRoot": {
    "kind": "Root",
    "name": "TopLevel",
    "printedName": "TopLevel",
    "children": [
      {
        "kind": "Import",
        "name": "Foundation",
        "printedName": "Foundation",
        "declKind": "Import",
        "moduleName": "ALRDTransitX",
        "declAttributes": [
          "RawDocComment"
        ]
      },
      {
        "kind": "Import",
        "name": "ASS",
        "printedName": "ASS",
        "declKind": "Import",
        "moduleName": "ALRDTransitX",
        "declAttributes": [
          "ImplementationOnly"
        ]
      },
      {
        "kind": "TypeDecl",
        "name": "Transit",
        "printedName": "Transit",
        "children": [
          {
            "kind": "Function",
            "name": "startAlrd",
            "printedName": "startAlrd(with:callback:callback:)",
            "children": [
              {
                "kind": "TypeNominal",
                "name": "Void",
                "printedName": "()"
              },
              {
                "kind": "TypeNominal",
                "name": "String",
                "printedName": "Swift.String",
                "usr": "s:SS"
              },
              {
                "kind": "TypeNominal",
                "name": "Optional",
                "printedName": "((Swift.Int32, Swift.UnsafePointer<Swift.Int8>?) -> ())?",
                "children": [
                  {
                    "kind": "TypeFunc",
                    "name": "Function",
                    "printedName": "(Swift.Int32, Swift.UnsafePointer<Swift.Int8>?) -> ()",
                    "children": [
                      {
                        "kind": "TypeNominal",
                        "name": "Void",
                        "printedName": "()"
                      },
                      {
                        "kind": "TypeNominal",
                        "name": "Tuple",
                        "printedName": "(Swift.Int32, Swift.UnsafePointer<Swift.Int8>?)",
                        "children": [
                          {
                            "kind": "TypeNominal",
                            "name": "Int32",
                            "printedName": "Swift.Int32",
                            "usr": "s:s5Int32V"
                          },
                          {
                            "kind": "TypeNominal",
                            "name": "Optional",
                            "printedName": "Swift.UnsafePointer<Swift.Int8>?",
                            "children": [
                              {
                                "kind": "TypeNominal",
                                "name": "UnsafePointer",
                                "printedName": "Swift.UnsafePointer<Swift.Int8>",
                                "children": [
                                  {
                                    "kind": "TypeNominal",
                                    "name": "Int8",
                                    "printedName": "Swift.Int8",
                                    "usr": "s:s4Int8V"
                                  }
                                ],
                                "usr": "s:SP"
                              }
                            ],
                            "usr": "s:Sq"
                          }
                        ]
                      }
                    ]
                  }
                ],
                "usr": "s:Sq"
              },
              {
                "kind": "TypeNominal",
                "name": "Optional",
                "printedName": "((Swift.Int32, Swift.UnsafePointer<Swift.Int8>?) -> ())?",
                "children": [
                  {
                    "kind": "TypeFunc",
                    "name": "Function",
                    "printedName": "(Swift.Int32, Swift.UnsafePointer<Swift.Int8>?) -> ()",
                    "children": [
                      {
                        "kind": "TypeNominal",
                        "name": "Void",
                        "printedName": "()"
                      },
                      {
                        "kind": "TypeNominal",
                        "name": "Tuple",
                        "printedName": "(Swift.Int32, Swift.UnsafePointer<Swift.Int8>?)",
                        "children": [
                          {
                            "kind": "TypeNominal",
                            "name": "Int32",
                            "printedName": "Swift.Int32",
                            "usr": "s:s5Int32V"
                          },
                          {
                            "kind": "TypeNominal",
                            "name": "Optional",
                            "printedName": "Swift.UnsafePointer<Swift.Int8>?",
                            "children": [
                              {
                                "kind": "TypeNominal",
                                "name": "UnsafePointer",
                                "printedName": "Swift.UnsafePointer<Swift.Int8>",
                                "children": [
                                  {
                                    "kind": "TypeNominal",
                                    "name": "Int8",
                                    "printedName": "Swift.Int8",
                                    "usr": "s:s4Int8V"
                                  }
                                ],
                                "usr": "s:SP"
                              }
                            ],
                            "usr": "s:Sq"
                          }
                        ]
                      }
                    ]
                  }
                ],
                "usr": "s:Sq"
              }
            ],
            "declKind": "Func",
            "usr": "s:12ALRDTransitX7TransitC9startAlrd4with8callbackAFySS_ys5Int32V_SPys4Int8VGSgtXCSgAMtFZ",
            "mangledName": "$s12ALRDTransitX7TransitC9startAlrd4with8callbackAFySS_ys5Int32V_SPys4Int8VGSgtXCSgAMtFZ",
            "moduleName": "ALRDTransitX",
            "static": true,
            "declAttributes": [
              "Final",
              "AccessControl",
              "RawDocComment"
            ],
            "funcSelfKind": "NonMutating"
          },
          {
            "kind": "Function",
            "name": "stopAlrd",
            "printedName": "stopAlrd()",
            "children": [
              {
                "kind": "TypeNominal",
                "name": "Void",
                "printedName": "()"
              }
            ],
            "declKind": "Func",
            "usr": "s:12ALRDTransitX7TransitC8stopAlrdyyFZ",
            "mangledName": "$s12ALRDTransitX7TransitC8stopAlrdyyFZ",
            "moduleName": "ALRDTransitX",
            "static": true,
            "declAttributes": [
              "Final",
              "AccessControl",
              "RawDocComment"
            ],
            "funcSelfKind": "NonMutating"
          },
          {
            "kind": "Function",
            "name": "updateDns",
            "printedName": "updateDns(dns:)",
            "children": [
              {
                "kind": "TypeNominal",
                "name": "Void",
                "printedName": "()"
              },
              {
                "kind": "TypeNominal",
                "name": "String",
                "printedName": "Swift.String",
                "usr": "s:SS"
              }
            ],
            "declKind": "Func",
            "usr": "s:12ALRDTransitX7TransitC9updateDns3dnsySS_tFZ",
            "mangledName": "$s12ALRDTransitX7TransitC9updateDns3dnsySS_tFZ",
            "moduleName": "ALRDTransitX",
            "static": true,
            "declAttributes": [
              "Final",
              "AccessControl",
              "RawDocComment"
            ],
            "funcSelfKind": "NonMutating"
          },
          {
            "kind": "Function",
            "name": "getHttpAddr",
            "printedName": "getHttpAddr()",
            "children": [
              {
                "kind": "TypeNominal",
                "name": "Optional",
                "printedName": "Swift.String?",
                "children": [
                  {
                    "kind": "TypeNominal",
                    "name": "String",
                    "printedName": "Swift.String",
                    "usr": "s:SS"
                  }
                ],
                "usr": "s:Sq"
              }
            ],
            "declKind": "Func",
            "usr": "s:12ALRDTransitX7TransitC11getHttpAddrSSSgyFZ",
            "mangledName": "$s12ALRDTransitX7TransitC11getHttpAddrSSSgyFZ",
            "moduleName": "ALRDTransitX",
            "static": true,
            "declAttributes": [
              "Final",
              "AccessControl",
              "RawDocComment"
            ],
            "funcSelfKind": "NonMutating"
          },
          {
            "kind": "Constructor",
            "name": "init",
            "printedName": "init()",
            "children": [
              {
                "kind": "TypeNominal",
                "name": "Transit",
                "printedName": "ALRDTransitX.Transit",
                "usr": "c:@M@ALRDTransitX@objc(cs)Transit"
              }
            ],
            "declKind": "Constructor",
            "usr": "c:@M@ALRDTransitX@objc(cs)Transit(im)init",
            "mangledName": "$s12ALRDTransitX7TransitCACycfc",
            "moduleName": "ALRDTransitX",
            "overriding": true,
            "implicit": true,
            "objc_name": "init",
            "declAttributes": [
              "Dynamic",
              "ObjC",
              "Override"
            ],
            "init_kind": "Designated"
          }
        ],
        "declKind": "Class",
        "usr": "c:@M@ALRDTransitX@objc(cs)Transit",
        "mangledName": "$s12ALRDTransitX7TransitC",
        "moduleName": "ALRDTransitX",
        "isOpen": true,
        "declAttributes": [
          "AccessControl",
          "RawDocComment",
          "ObjC"
        ],
        "superclassUsr": "c:objc(cs)NSObject",
        "inheritsConvenienceInitializers": true,
        "superclassNames": [
          "ObjectiveC.NSObject"
        ],
        "conformances": [
          {
            "kind": "Conformance",
            "name": "Equatable",
            "printedName": "Equatable",
            "usr": "s:SQ",
            "mangledName": "$sSQ"
          },
          {
            "kind": "Conformance",
            "name": "Hashable",
            "printedName": "Hashable",
            "usr": "s:SH",
            "mangledName": "$sSH"
          },
          {
            "kind": "Conformance",
            "name": "CVarArg",
            "printedName": "CVarArg",
            "usr": "s:s7CVarArgP",
            "mangledName": "$ss7CVarArgP"
          },
          {
            "kind": "Conformance",
            "name": "_KeyValueCodingAndObservingPublishing",
            "printedName": "_KeyValueCodingAndObservingPublishing",
            "usr": "s:10Foundation37_KeyValueCodingAndObservingPublishingP",
            "mangledName": "$s10Foundation37_KeyValueCodingAndObservingPublishingP"
          },
          {
            "kind": "Conformance",
            "name": "_KeyValueCodingAndObserving",
            "printedName": "_KeyValueCodingAndObserving",
            "usr": "s:10Foundation27_KeyValueCodingAndObservingP",
            "mangledName": "$s10Foundation27_KeyValueCodingAndObservingP"
          },
          {
            "kind": "Conformance",
            "name": "CustomStringConvertible",
            "printedName": "CustomStringConvertible",
            "usr": "s:s23CustomStringConvertibleP",
            "mangledName": "$ss23CustomStringConvertibleP"
          },
          {
            "kind": "Conformance",
            "name": "CustomDebugStringConvertible",
            "printedName": "CustomDebugStringConvertible",
            "usr": "s:s28CustomDebugStringConvertibleP",
            "mangledName": "$ss28CustomDebugStringConvertibleP"
          }
        ]
      }
    ],
    "json_format_version": 8
  },
  "ConstValues": []
}